customer_id,monthly_price,signup_date,segment,country,is_enterprise
C0001,499,2023-01-04,Enterprise,IN,TRUE
C0002,49,2023-01-14,SMB,CA,FALSE
C0003,149,2023-01-04,SMB,IN,FALSE
C0004,149,2023-03-19,SMB,CA,FALSE
C0005,99,2023-03-25,,IN,FALSE
C0006,299,2023-02-05,SMB,IN,FALSE
C0007,299,2023-02-13,Enterprise,IN,TRUE
C0008,299,2023-02-13,SMB,US,FALSE
C0009,99,2023-02-15,Enterprise,CA,TRUE
C0010,79,2023-01-06,,CA,FALSE
C0011,49,2023-02-18,SMB,CA,FALSE
C0012,#N/A,2023-03-22,Enterprise,CA,TRUE
C0013,49,2023-01-09,SMB,AU,FALSE
C0014,499,2023-02-07,SMB,IN,FALSE
C0015,#N/A,2023-02-18,Enterprise,DE,TRUE
C0016,79,2023-02-16,Mid-Market,UK,FALSE
C0017,499,2023-03-27,Enterprise,AU,TRUE
C0018,49,2023-03-24,SMB,CA,FALSE
C0019,149,2023-03-10,Mid-Market,IN,FALSE
C0020,#N/A,2023-02-04,Mid-Market,AU,FALSE
C0021,99,2023-01-08,Mid-Market,US,FALSE
C0022,149,2023-02-21,Enterprise,US,TRUE
C0023,699,2023-03-14,Enterprise,IN,TRUE
C0024,699,2023-02-20,,IN,FALSE
C0025,299,2023-02-01,Enterprise,AU,TRUE
C0026,299,2023-03-16,,UK,FALSE
C0027,149,2023-01-18,,US,FALSE
C0028,99,2023-01-15,Mid-Market,AU,FALSE
C0029,499,2023-03-29,,CA,FALSE
C0030,299,2023-02-18,,CA,FALSE
C0031,499,2023-03-12,SMB,AU,FALSE
C0032,79,2023-03-29,Enterprise,AU,TRUE
C0033,79,2023-02-07,,IN,FALSE
C0034,699,2023-02-03,Mid-Market,CA,FALSE
C0035,49,2023-03-22,Enterprise,AU,TRUE
C0036,149,2023-01-26,Mid-Market,UK,FALSE
C0037,149,2023-03-11,SMB,CA,FALSE
C0038,499,2023-01-03,SMB,UK,FALSE
C0039,49,2023-02-09,Mid-Market,US,FALSE
C0040,299,2023-03-14,SMB,US,FALSE
C0041,149,2023-01-09,Mid-Market,IN,FALSE
C0042,#N/A,2023-03-12,Mid-Market,UK,FALSE
C0043,699,2023-03-19,,IN,FALSE
C0044,499,2023-03-30,Mid-Market,AU,FALSE
C0045,79,2023-03-27,Enterprise,DE,TRUE
C0046,699,2023-02-27,SMB,IN,FALSE
C0047,79,2023-02-13,SMB,CA,FALSE
C0048,79,2023-03-17,Mid-Market,US,FALSE
C0049,699,2023-03-22,SMB,IN,FALSE
C0050,49,2023-01-05,Enterprise,US,TRUE
C0051,#N/A,2023-02-05,,IN,FALSE
C0052,149,2023-03-15,,IN,FALSE
C0053,79,2023-02-22,Mid-Market,US,FALSE
C0054,149,2023-02-25,Enterprise,DE,TRUE
C0055,79,2023-01-07,SMB,US,FALSE
C0056,299,2023-02-13,SMB,IN,FALSE
C0057,149,2023-03-10,,IN,FALSE
C0058,99,2023-02-05,,IN,FALSE
C0059,79,2023-01-10,,CA,FALSE
C0060,499,2023-03-25,SMB,US,FALSE
C0061,79,2023-01-31,Mid-Market,DE,FALSE
C0062,499,2023-01-28,,US,FALSE
C0063,499,2023-01-01,,UK,FALSE
C0064,299,2023-02-28,Enterprise,DE,TRUE
C0065,699,2023-03-13,,IN,FALSE
C0066,299,2023-01-28,SMB,CA,FALSE
C0067,79,2023-01-08,Enterprise,US,TRUE
C0068,79,2023-03-03,Mid-Market,US,FALSE
C0069,49,2023-01-11,Mid-Market,US,FALSE
C0070,499,2023-03-28,Mid-Market,DE,FALSE
C0071,299,2023-03-14,Mid-Market,CA,FALSE
C0072,499,2023-03-21,SMB,DE,FALSE
C0073,499,2023-03-14,Enterprise,UK,TRUE
C0074,79,2023-02-10,Mid-Market,UK,FALSE
C0075,499,2023-03-27,Enterprise,DE,TRUE
C0076,299,2023-01-10,SMB,DE,FALSE
C0077,79,2023-03-14,SMB,US,FALSE
C0078,49,2023-03-06,Enterprise,IN,TRUE
C0079,79,2023-01-09,Mid-Market,UK,FALSE
C0080,79,2023-02-26,Enterprise,CA,TRUE
C0081,#N/A,2023-03-25,SMB,AU,FALSE
C0082,499,2023-02-08,SMB,IN,FALSE
C0083,699,2023-01-14,Mid-Market,UK,FALSE
C0084,699,2023-01-27,Enterprise,IN,TRUE
C0085,99,2023-02-03,,UK,FALSE
C0086,99,2023-01-07,SMB,AU,FALSE
C0087,299,2023-02-05,SMB,US,FALSE
C0088,#N/A,2023-01-17,Enterprise,IN,TRUE
C0089,79,2023-03-12,,CA,FALSE
C0090,499,,SMB,AU,FALSE
C0091,49,2023-03-11,SMB,UK,FALSE
C0092,699,2023-01-19,,IN,FALSE
C0093,149,,Enterprise,US,TRUE
C0094,49,2023-01-27,Mid-Market,AU,FALSE
C0095,#N/A,2023-03-13,,CA,FALSE
C0096,499,2023-01-31,Mid-Market,IN,FALSE
C0097,149,2023-01-04,Mid-Market,AU,FALSE
C0098,499,2023-02-22,Mid-Market,UK,FALSE
C0099,79,2023-03-31,SMB,DE,FALSE
C0100,79,2023-03-02,Mid-Market,IN,FALSE
C0101,79,2023-02-28,Enterprise,UK,TRUE
C0102,#N/A,2023-01-30,Mid-Market,US,FALSE
C0103,149,2023-02-21,Enterprise,UK,TRUE
C0104,499,2023-02-05,Enterprise,AU,TRUE
C0105,49,2023-03-28,Enterprise,US,TRUE
C0106,499,2023-02-03,Mid-Market,CA,FALSE
C0107,149,2023-02-03,SMB,US,FALSE
C0108,299,2023-02-14,Enterprise,DE,TRUE
C0109,499,2023-03-07,SMB,DE,FALSE
C0110,49,2023-01-25,Enterprise,US,TRUE
C0111,299,2023-01-01,Mid-Market,UK,FALSE
C0112,99,2023-03-27,Enterprise,CA,TRUE
C0113,499,2023-01-16,Enterprise,CA,TRUE
C0114,299,2023-02-22,Enterprise,DE,TRUE
C0115,699,2023-03-12,Mid-Market,IN,FALSE
C0116,299,2023-02-18,Mid-Market,CA,FALSE
C0117,99,2023-02-21,SMB,UK,FALSE
C0118,99,2023-02-25,Enterprise,DE,TRUE
C0119,49,2023-03-28,Mid-Market,CA,FALSE
C0120,499,2023-01-22,SMB,UK,FALSE
C0121,699,2023-03-23,Enterprise,US,TRUE
C0122,699,2023-01-31,Enterprise,IN,TRUE
C0123,99,2023-01-19,SMB,US,FALSE
C0124,99,2023-03-02,SMB,DE,FALSE
C0125,49,2023-03-22,Mid-Market,AU,FALSE
C0126,79,2023-03-05,,IN,FALSE
C0127,49,2023-03-30,SMB,US,FALSE
C0128,699,2023-01-29,Mid-Market,AU,FALSE
C0129,#N/A,2023-01-07,Mid-Market,US,FALSE
C0130,299,2023-03-01,Enterprise,DE,TRUE
C0131,699,2023-03-06,,CA,FALSE
C0132,299,2023-01-21,,DE,FALSE
C0133,699,2023-02-01,Enterprise,CA,TRUE
C0134,#N/A,2023-01-31,Enterprise,DE,TRUE
C0135,79,2023-02-06,Mid-Market,UK,FALSE
C0136,79,2023-03-11,SMB,IN,FALSE
C0137,149,2023-02-19,Mid-Market,AU,FALSE
C0138,49,2023-02-23,,UK,FALSE
C0139,149,2023-02-23,SMB,IN,FALSE
C0140,499,2023-02-19,SMB,CA,FALSE
C0141,99,2023-01-01,Enterprise,UK,TRUE
C0142,99,2023-02-23,Mid-Market,DE,FALSE
C0143,149,2023-02-25,,US,FALSE
C0144,699,2023-03-27,,AU,FALSE
C0145,79,2023-03-01,Mid-Market,CA,FALSE
C0146,99,2023-02-20,SMB,US,FALSE
C0147,499,2023-01-18,,IN,FALSE
C0148,99,2023-02-18,Enterprise,IN,TRUE
C0149,149,2023-02-13,,UK,FALSE
C0150,79,2023-02-23,Enterprise,US,TRUE
C0151,49,2023-03-11,SMB,UK,FALSE
C0152,79,2023-01-09,SMB,US,FALSE
C0153,299,2023-01-26,SMB,CA,FALSE
C0154,49,2023-01-17,,AU,FALSE
C0155,79,2023-01-28,,AU,FALSE
C0156,699,2023-02-17,Mid-Market,CA,FALSE
C0157,499,2023-01-15,Mid-Market,UK,FALSE
C0158,#N/A,2023-01-04,Enterprise,CA,TRUE
C0159,79,2023-02-18,,AU,FALSE
C0160,299,2023-03-17,Mid-Market,US,FALSE
C0161,299,2023-02-08,SMB,CA,FALSE
C0162,49,2023-02-14,,AU,FALSE
C0163,49,2023-03-06,Enterprise,US,TRUE
C0164,149,2023-03-04,SMB,DE,FALSE
C0165,699,2023-03-23,,AU,FALSE
C0166,499,2023-01-23,Enterprise,CA,TRUE
C0167,99,2023-03-10,,DE,FALSE
C0168,49,2023-03-17,Enterprise,UK,TRUE
C0169,49,2023-01-12,Enterprise,DE,TRUE
C0170,299,2023-03-01,,UK,FALSE
C0171,149,,Enterprise,IN,TRUE
C0172,99,2023-02-15,Enterprise,UK,TRUE
C0173,499,2023-03-18,Enterprise,CA,TRUE
C0174,149,,Mid-Market,US,FALSE
C0175,99,2023-02-22,,CA,FALSE
C0176,699,2023-03-30,,AU,FALSE
C0177,499,2023-02-27,SMB,US,FALSE
C0178,99,2023-02-21,Mid-Market,UK,FALSE
C0179,79,2023-02-17,,CA,FALSE
C0180,149,2023-02-24,Enterprise,UK,TRUE
C0181,99,2023-02-04,Enterprise,UK,TRUE
C0182,149,2023-01-25,Enterprise,US,TRUE
C0183,699,2023-03-30,Mid-Market,IN,FALSE
C0184,79,2023-03-03,Enterprise,AU,TRUE
C0185,#N/A,2023-03-09,Enterprise,US,TRUE
C0186,299,2023-02-07,Mid-Market,UK,FALSE
C0187,499,2023-01-02,Mid-Market,UK,FALSE
C0188,49,,SMB,CA,FALSE
C0189,149,2023-01-17,,US,FALSE
C0190,299,2023-03-15,Enterprise,DE,TRUE
C0191,99,2023-02-13,Mid-Market,US,FALSE
C0192,79,2023-03-03,SMB,US,FALSE
C0193,149,2023-01-10,SMB,IN,FALSE
C0194,49,2023-03-14,Enterprise,US,TRUE
C0195,#N/A,2023-01-16,,CA,FALSE
C0196,149,2023-03-21,Mid-Market,CA,FALSE
C0197,699,2023-02-26,Enterprise,CA,TRUE
C0198,149,2023-02-09,SMB,CA,FALSE
C0199,79,2023-01-13,Mid-Market,AU,FALSE
C0200,99,2023-03-26,SMB,IN,FALSE
C0201,149,2023-03-12,SMB,IN,FALSE
C0202,79,,,AU,FALSE
C0203,99,2023-02-07,SMB,IN,FALSE
C0204,79,2023-02-06,,US,FALSE
C0205,79,2023-02-03,Mid-Market,DE,FALSE
C0206,699,2023-01-29,Mid-Market,UK,FALSE
C0207,#N/A,2023-01-10,SMB,IN,FALSE
C0208,49,2023-03-18,Enterprise,DE,TRUE
C0209,99,2023-03-30,Enterprise,AU,TRUE
C0210,149,2023-02-04,,DE,FALSE
C0211,79,2023-01-06,,AU,FALSE
C0212,149,2023-02-02,SMB,US,FALSE
C0213,499,2023-03-28,SMB,AU,FALSE
C0214,149,2023-03-15,SMB,IN,FALSE
C0215,49,2023-03-25,,UK,FALSE
C0216,79,2023-03-16,,AU,FALSE
C0217,99,2023-01-12,,UK,FALSE
C0218,699,2023-02-11,SMB,IN,FALSE
C0219,299,2023-03-30,,UK,FALSE
C0220,499,2023-02-21,SMB,DE,FALSE
C0221,79,2023-02-02,Enterprise,US,TRUE
C0222,#N/A,2023-02-21,SMB,AU,FALSE
C0223,79,2023-03-01,,US,FALSE
C0224,#N/A,2023-02-16,,AU,FALSE
C0225,99,2023-01-07,Mid-Market,UK,FALSE
C0226,49,2023-02-06,,AU,FALSE
C0227,149,2023-01-04,Mid-Market,AU,FALSE
C0228,99,2023-03-12,SMB,CA,FALSE
C0229,99,2023-01-29,SMB,DE,FALSE
C0230,299,2023-03-24,Mid-Market,DE,FALSE
C0231,699,2023-02-07,Enterprise,DE,TRUE
C0232,499,2023-03-02,Mid-Market,DE,FALSE
C0233,499,2023-02-19,Mid-Market,CA,FALSE
C0234,99,2023-01-18,SMB,UK,FALSE
C0235,49,2023-02-23,Enterprise,CA,TRUE
C0236,99,2023-01-01,Enterprise,AU,TRUE
C0237,149,2023-03-17,,IN,FALSE
C0238,#N/A,2023-03-03,Enterprise,UK,TRUE
C0239,149,2023-03-11,,DE,FALSE
C0240,499,2023-01-25,Mid-Market,CA,FALSE
C0241,49,2023-02-22,SMB,UK,FALSE
C0242,49,2023-04-01,,DE,FALSE
C0243,79,2023-03-25,Mid-Market,DE,FALSE
C0244,79,2023-01-17,Enterprise,US,TRUE
C0245,79,2023-02-26,SMB,CA,FALSE
C0246,99,2023-01-02,Mid-Market,DE,FALSE
C0247,299,2023-01-20,SMB,DE,FALSE
C0248,#N/A,2023-02-03,Enterprise,CA,TRUE
C0249,149,2023-03-25,SMB,UK,FALSE
C0250,499,2023-03-10,,UK,FALSE
C0251,79,2023-03-04,SMB,CA,FALSE
C0252,79,2023-03-22,Enterprise,IN,TRUE
C0253,149,2023-02-25,SMB,AU,FALSE
C0254,149,2023-01-13,,IN,FALSE
C0255,699,2023-01-04,SMB,UK,FALSE
C0256,149,2023-02-07,Enterprise,UK,TRUE
C0257,149,2023-02-01,,CA,FALSE
C0258,699,2023-01-24,Mid-Market,IN,FALSE
C0259,#N/A,2023-02-18,Mid-Market,DE,FALSE
C0260,499,2023-01-19,Mid-Market,DE,FALSE
C0261,79,2023-02-28,Enterprise,AU,TRUE
C0262,299,,,UK,FALSE
C0263,79,2023-01-21,SMB,DE,FALSE
C0264,99,2023-03-17,Enterprise,AU,TRUE
C0265,79,2023-03-30,Enterprise,DE,TRUE
C0266,99,2023-01-26,,DE,FALSE
C0267,699,2023-02-18,Enterprise,CA,TRUE
C0268,149,2023-03-31,Enterprise,US,TRUE
C0269,699,2023-03-26,,UK,FALSE
C0270,49,,SMB,CA,FALSE
C0271,149,2023-02-06,Mid-Market,CA,FALSE
C0272,#N/A,2023-01-29,Mid-Market,CA,FALSE
C0273,79,2023-03-26,Mid-Market,AU,FALSE
C0274,79,2023-03-22,SMB,UK,FALSE
C0275,99,2023-01-05,Enterprise,AU,TRUE
C0276,699,2023-02-07,Enterprise,AU,TRUE
C0277,#N/A,2023-01-26,Mid-Market,CA,FALSE
C0278,79,2023-02-16,Enterprise,IN,TRUE
C0279,49,2023-03-03,Enterprise,AU,TRUE
C0280,299,2023-01-15,,US,FALSE
C0281,499,2023-01-29,,CA,FALSE
C0282,499,2023-02-20,SMB,UK,FALSE
C0283,79,2023-02-28,Enterprise,AU,TRUE
C0284,699,2023-02-03,,AU,FALSE
C0285,99,2023-01-14,Mid-Market,DE,FALSE
C0286,149,,Enterprise,CA,TRUE
C0287,79,2023-01-09,,AU,FALSE
C0288,99,2023-02-22,SMB,IN,FALSE
C0289,79,,SMB,UK,FALSE
C0290,149,2023-01-15,SMB,IN,FALSE
C0291,49,2023-01-18,,DE,FALSE
C0292,49,2023-03-31,,CA,FALSE
C0293,79,2023-01-20,,AU,FALSE
C0294,99,2023-03-04,,UK,FALSE
C0295,499,,Enterprise,IN,TRUE
C0296,79,2023-01-31,Enterprise,US,TRUE
C0297,499,2023-02-17,Enterprise,US,TRUE
C0298,299,2023-01-25,SMB,DE,FALSE
C0299,49,2023-01-28,SMB,US,FALSE
C0300,699,2023-02-01,Mid-Market,CA,FALSE
C0301,499,2023-03-12,Mid-Market,CA,FALSE
C0302,49,2023-01-30,Enterprise,IN,TRUE
C0303,699,2023-03-18,SMB,UK,FALSE
C0304,#N/A,2023-01-19,Mid-Market,CA,FALSE
C0305,#N/A,2023-01-23,SMB,AU,FALSE
C0306,79,2023-01-17,SMB,UK,FALSE
C0307,79,2023-01-31,Enterprise,US,TRUE
C0308,299,2023-01-07,Mid-Market,AU,FALSE
C0309,49,2023-01-15,SMB,DE,FALSE
C0310,499,2023-02-16,SMB,DE,FALSE
C0311,#N/A,2023-03-20,SMB,AU,FALSE
C0312,299,2023-03-26,Enterprise,DE,TRUE
C0313,499,2023-01-04,SMB,DE,FALSE
C0314,79,2023-02-24,SMB,DE,FALSE
C0315,99,2023-02-26,SMB,US,FALSE
C0316,99,2023-01-19,SMB,IN,FALSE
C0317,99,2023-03-23,Enterprise,DE,TRUE
C0318,49,2023-03-09,Enterprise,DE,TRUE
C0319,299,2023-02-25,SMB,AU,FALSE
C0320,149,2023-03-25,Mid-Market,DE,FALSE
C0321,299,2023-01-30,,UK,FALSE
C0322,299,2023-02-21,,AU,FALSE
C0323,#N/A,2023-02-24,Enterprise,AU,TRUE
C0324,79,2023-01-20,,US,FALSE
C0325,49,2023-01-11,SMB,DE,FALSE
C0326,699,2023-02-17,Mid-Market,CA,FALSE
C0327,149,2023-03-13,Enterprise,AU,TRUE
C0328,699,2023-02-15,,AU,FALSE
C0329,99,2023-02-06,Enterprise,UK,TRUE
C0330,499,2023-03-06,Mid-Market,IN,FALSE
C0331,149,2023-01-29,SMB,UK,FALSE
C0332,79,2023-02-17,SMB,UK,FALSE
C0333,149,2023-02-24,SMB,CA,FALSE
C0334,99,2023-03-30,Enterprise,US,TRUE
C0335,149,2023-03-31,Enterprise,UK,TRUE
C0336,299,2023-01-24,Mid-Market,CA,FALSE
C0337,99,2023-01-09,Mid-Market,AU,FALSE
C0338,299,2023-01-04,SMB,AU,FALSE
C0339,79,2023-02-18,,DE,FALSE
C0340,79,2023-02-17,Enterprise,AU,TRUE
C0341,149,2023-03-14,SMB,US,FALSE
C0342,79,2023-03-21,SMB,AU,FALSE
C0343,79,2023-02-26,,DE,FALSE
C0344,#N/A,2023-02-23,Enterprise,IN,TRUE
C0345,699,2023-01-15,Enterprise,DE,TRUE
C0346,99,2023-03-28,,CA,FALSE
C0347,699,2023-01-06,Mid-Market,DE,FALSE
C0348,499,2023-01-08,SMB,IN,FALSE
C0349,99,2023-01-28,Mid-Market,UK,FALSE
C0350,49,2023-01-16,SMB,DE,FALSE
C0351,#N/A,2023-01-23,Mid-Market,DE,FALSE
C0352,699,2023-01-30,Enterprise,US,TRUE
C0353,499,2023-01-06,,US,FALSE
C0354,499,2023-01-10,Enterprise,CA,TRUE
C0355,79,2023-02-21,,UK,FALSE
C0356,#N/A,2023-01-03,Enterprise,IN,TRUE
C0357,299,2023-03-21,,AU,FALSE
C0358,79,2023-01-12,,US,FALSE
C0359,79,2023-03-17,,CA,FALSE
C0360,#N/A,2023-02-09,Enterprise,IN,TRUE
C0361,149,2023-01-22,SMB,CA,FALSE
C0362,99,2023-03-09,Mid-Market,UK,FALSE
C0363,49,2023-03-24,Mid-Market,IN,FALSE
C0364,499,2023-02-02,Mid-Market,IN,FALSE
C0365,299,2023-03-25,SMB,IN,FALSE
C0366,79,2023-03-22,,DE,FALSE
C0367,699,2023-03-16,,AU,FALSE
C0368,149,2023-03-14,Enterprise,AU,TRUE
C0369,#N/A,2023-02-26,SMB,DE,FALSE
C0370,99,2023-02-08,Enterprise,CA,TRUE
C0371,79,2023-03-06,SMB,UK,FALSE
C0372,149,2023-01-05,SMB,UK,FALSE
C0373,99,2023-01-10,SMB,CA,FALSE
C0374,299,2023-02-19,,CA,FALSE
C0375,79,2023-01-06,,CA,FALSE
C0376,499,2023-02-11,,CA,FALSE
C0377,499,2023-01-08,,US,FALSE
C0378,79,2023-02-13,SMB,CA,FALSE
C0379,149,2023-01-06,Mid-Market,AU,FALSE
C0380,49,2023-02-26,Mid-Market,UK,FALSE
C0381,#N/A,2023-02-06,,DE,FALSE
C0382,99,2023-03-28,SMB,AU,FALSE
C0383,49,2023-01-09,Enterprise,US,TRUE
C0384,499,2023-02-19,Enterprise,UK,TRUE
C0385,699,2023-03-26,Mid-Market,UK,FALSE
C0386,49,2023-03-26,Mid-Market,UK,FALSE
C0387,499,2023-03-25,,IN,FALSE
C0388,79,2023-01-11,Enterprise,CA,TRUE
C0389,99,2023-02-12,Mid-Market,AU,FALSE
C0390,499,2023-03-29,SMB,AU,FALSE
C0391,499,2023-03-07,Enterprise,US,TRUE
C0392,499,2023-01-24,Mid-Market,UK,FALSE
C0393,79,2023-03-04,Mid-Market,IN,FALSE
C0394,49,2023-01-20,SMB,UK,FALSE
C0395,49,2023-01-13,SMB,AU,FALSE
C0396,299,2023-03-21,Mid-Market,CA,FALSE
C0397,79,2023-01-21,Mid-Market,AU,FALSE
C0398,299,2023-01-22,,US,FALSE
C0399,79,2023-03-28,Mid-Market,DE,FALSE
C0400,699,2023-02-27,Mid-Market,CA,FALSE
C0401,79,2023-03-02,Mid-Market,UK,FALSE
C0402,699,2023-03-15,,DE,FALSE
C0403,149,2023-02-18,,IN,FALSE
C0404,149,2023-03-19,Mid-Market,UK,FALSE
C0405,99,2023-03-03,Enterprise,CA,TRUE
C0406,49,2023-03-08,SMB,UK,FALSE
C0407,499,2023-01-21,Enterprise,DE,TRUE
C0408,49,2023-01-19,,US,FALSE
C0409,299,2023-01-29,,UK,FALSE
C0410,699,2023-02-23,SMB,DE,FALSE
C0411,#N/A,2023-01-31,,US,FALSE
C0412,49,2023-01-04,Enterprise,US,TRUE
C0413,699,2023-03-25,Enterprise,IN,TRUE
C0414,49,2023-02-06,,AU,FALSE
C0415,79,2023-04-01,,DE,FALSE
C0416,499,2023-01-11,SMB,UK,FALSE
C0417,699,2023-01-20,,US,FALSE
C0418,99,2023-01-31,Enterprise,US,TRUE
C0419,#N/A,,,AU,FALSE
C0420,149,2023-02-28,SMB,US,FALSE
C0421,299,2023-03-05,SMB,AU,FALSE
C0422,149,2023-01-31,Mid-Market,UK,FALSE
C0423,79,2023-03-20,Enterprise,IN,TRUE
C0424,#N/A,2023-01-24,SMB,CA,FALSE
C0425,699,2023-01-09,SMB,DE,FALSE
C0426,99,2023-01-06,,UK,FALSE
C0427,699,2023-01-03,Enterprise,US,TRUE
C0428,299,2023-03-26,SMB,CA,FALSE
C0429,99,2023-02-12,Mid-Market,US,FALSE
C0430,#N/A,2023-02-13,Mid-Market,AU,FALSE
C0431,499,2023-03-31,,AU,FALSE
C0432,299,2023-01-18,SMB,AU,FALSE
C0433,49,2023-02-28,SMB,UK,FALSE
C0434,299,2023-01-26,SMB,UK,FALSE
C0435,699,2023-03-07,,CA,FALSE
C0436,#N/A,2023-01-05,Mid-Market,UK,FALSE
C0437,149,2023-01-07,Enterprise,UK,TRUE
C0438,79,2023-02-17,,DE,FALSE
C0439,99,2023-02-19,Enterprise,IN,TRUE
C0440,79,2023-03-05,Enterprise,CA,TRUE
C0441,79,2023-01-11,,US,FALSE
C0442,49,2023-01-24,Enterprise,UK,TRUE
C0443,79,2023-02-11,Enterprise,UK,TRUE
C0444,#N/A,2023-02-24,Mid-Market,AU,FALSE
C0445,99,2023-02-27,SMB,AU,FALSE
C0446,79,2023-02-15,,UK,FALSE
C0447,299,2023-01-08,SMB,AU,FALSE
C0448,299,2023-02-16,Mid-Market,US,FALSE
C0449,499,2023-03-19,,US,FALSE
C0450,99,2023-01-31,Enterprise,UK,TRUE
C0451,299,2023-03-14,SMB,CA,FALSE
C0452,99,2023-02-27,Enterprise,UK,TRUE
C0453,299,2023-01-10,Mid-Market,CA,FALSE
C0454,99,2023-02-10,Enterprise,IN,TRUE
C0455,79,2023-01-04,Mid-Market,DE,FALSE
C0456,49,2023-03-13,SMB,UK,FALSE
C0457,49,2023-04-01,,IN,FALSE
C0458,299,2023-02-06,,IN,FALSE
C0459,299,2023-01-10,,IN,FALSE
C0460,499,2023-02-26,SMB,AU,FALSE
C0461,49,2023-02-10,Enterprise,AU,TRUE
C0462,#N/A,2023-03-11,Enterprise,UK,TRUE
C0463,499,2023-04-01,Mid-Market,UK,FALSE
C0464,79,2023-01-16,Mid-Market,IN,FALSE
C0465,499,2023-03-05,SMB,UK,FALSE
C0466,49,2023-02-17,,CA,FALSE
C0467,79,2023-01-12,SMB,UK,FALSE
C0468,149,2023-03-03,,DE,FALSE
C0469,499,2023-01-10,Mid-Market,UK,FALSE
C0470,149,2023-02-27,,AU,FALSE
C0471,149,2023-01-17,Mid-Market,IN,FALSE
C0472,699,2023-01-08,SMB,CA,FALSE
C0473,79,2023-01-22,Mid-Market,UK,FALSE
C0474,49,2023-01-29,Enterprise,CA,TRUE
C0475,79,2023-01-11,Enterprise,IN,TRUE
C0476,499,2023-03-12,Enterprise,IN,TRUE
C0477,499,2023-03-20,SMB,CA,FALSE
C0478,699,2023-03-17,Mid-Market,IN,FALSE
C0479,149,2023-03-19,Enterprise,CA,TRUE
C0480,79,,SMB,US,FALSE
C0481,499,,Enterprise,AU,TRUE
C0482,#N/A,2023-03-15,,CA,FALSE
C0483,299,2023-03-05,Enterprise,AU,TRUE
C0484,#N/A,2023-03-03,Mid-Market,AU,FALSE
C0485,49,2023-02-28,SMB,AU,FALSE
C0486,699,2023-02-26,,DE,FALSE
C0487,#N/A,2023-02-13,Mid-Market,UK,FALSE
C0488,79,2023-02-10,Enterprise,DE,TRUE
C0489,149,2023-02-17,SMB,UK,FALSE
C0490,149,2023-01-16,Enterprise,DE,TRUE
C0491,79,2023-01-13,SMB,UK,FALSE
C0492,499,2023-03-20,,IN,FALSE
C0493,79,2023-01-21,Enterprise,CA,TRUE
C0494,699,2023-01-25,Mid-Market,DE,FALSE
C0495,#N/A,2023-03-01,,UK,FALSE
C0496,299,2023-01-12,,CA,FALSE
C0497,49,2023-01-31,Mid-Market,CA,FALSE
C0498,99,2023-01-07,Enterprise,DE,TRUE
C0499,299,2023-03-25,,UK,FALSE
C0500,499,2023-01-14,,IN,FALSE
C0501,699,2023-02-16,,UK,FALSE
C0502,299,,SMB,CA,FALSE
C0503,49,2023-02-16,Enterprise,US,TRUE
C0504,49,2023-02-27,Enterprise,CA,TRUE
C0505,299,2023-01-16,Mid-Market,US,FALSE
C0506,699,2023-02-13,Enterprise,IN,TRUE
C0507,499,2023-03-07,,CA,FALSE
C0508,299,,SMB,IN,FALSE
C0509,99,2023-03-02,,IN,FALSE
C0510,79,2023-03-07,Mid-Market,UK,FALSE
C0511,299,2023-02-10,Mid-Market,DE,FALSE
C0512,299,2023-02-08,Enterprise,CA,TRUE
C0513,99,2023-03-10,,AU,FALSE
C0514,699,2023-03-02,SMB,UK,FALSE
C0515,49,2023-01-15,,CA,FALSE
C0516,699,2023-03-30,SMB,CA,FALSE
C0517,499,2023-03-25,Mid-Market,AU,FALSE
C0518,699,2023-03-03,Mid-Market,CA,FALSE
C0519,149,2023-03-21,,IN,FALSE
C0520,499,2023-02-01,SMB,CA,FALSE
C0521,149,2023-01-15,Mid-Market,US,FALSE
C0522,99,2023-02-23,Mid-Market,DE,FALSE
C0523,499,2023-02-22,,AU,FALSE
C0524,499,2023-04-01,Mid-Market,CA,FALSE
C0525,99,2023-02-11,,CA,FALSE
C0526,499,2023-01-23,,CA,FALSE
C0527,499,2023-02-15,Enterprise,CA,TRUE
C0528,699,2023-02-01,Enterprise,CA,TRUE
C0529,99,2023-02-08,Enterprise,AU,TRUE
C0530,49,2023-04-01,,UK,FALSE
C0531,699,2023-03-13,Enterprise,UK,TRUE
C0532,49,2023-03-28,,DE,FALSE
C0533,499,2023-01-19,Enterprise,US,TRUE
C0534,#N/A,2023-01-11,Enterprise,DE,TRUE
C0535,149,2023-03-03,Mid-Market,IN,FALSE
C0536,99,2023-02-04,Enterprise,IN,TRUE
C0537,99,2023-03-17,Mid-Market,IN,FALSE
C0538,149,2023-03-09,Mid-Market,AU,FALSE
C0539,#N/A,2023-01-13,,UK,FALSE
C0540,149,2023-01-13,Mid-Market,US,FALSE
C0541,#N/A,2023-01-21,,AU,FALSE
C0542,49,2023-03-02,,AU,FALSE
C0543,49,2023-02-06,Enterprise,UK,TRUE
C0544,#N/A,2023-01-12,Mid-Market,CA,FALSE
C0545,299,2023-01-05,Mid-Market,DE,FALSE
C0546,79,2023-01-23,SMB,DE,FALSE
C0547,499,2023-01-24,Enterprise,US,TRUE
C0548,299,,SMB,UK,FALSE
C0549,149,2023-03-24,,IN,FALSE
C0550,49,2023-03-01,Enterprise,IN,TRUE
C0551,99,2023-02-12,Mid-Market,AU,FALSE
C0552,499,2023-02-02,Mid-Market,US,FALSE
C0553,99,2023-02-07,Mid-Market,IN,FALSE
C0554,79,2023-03-23,,DE,FALSE
C0555,#N/A,2023-01-12,,AU,FALSE
C0556,49,2023-01-18,,UK,FALSE
C0557,149,2023-01-01,Enterprise,DE,TRUE
C0558,79,2023-02-04,Enterprise,UK,TRUE
C0559,499,2023-03-15,SMB,UK,FALSE
C0560,49,2023-03-30,Mid-Market,US,FALSE
C0561,79,2023-03-01,Enterprise,IN,TRUE
C0562,699,2023-03-06,Enterprise,AU,TRUE
C0563,49,2023-02-07,Enterprise,CA,TRUE
C0564,149,2023-01-18,,IN,FALSE
C0565,79,2023-03-19,Enterprise,DE,TRUE
C0566,49,2023-03-02,Mid-Market,IN,FALSE
C0567,49,2023-03-18,SMB,CA,FALSE
C0568,79,2023-04-01,Enterprise,US,TRUE
C0569,499,2023-01-15,SMB,CA,FALSE
C0570,79,2023-01-26,Mid-Market,IN,FALSE
C0571,#N/A,2023-03-08,,US,FALSE
C0572,99,2023-03-16,,US,FALSE
C0573,299,2023-02-27,SMB,DE,FALSE
C0574,49,2023-02-23,,CA,FALSE
C0575,699,2023-03-01,Enterprise,AU,TRUE
C0576,49,,Enterprise,US,TRUE
C0577,149,2023-03-16,SMB,US,FALSE
C0578,79,2023-03-31,SMB,CA,FALSE
C0579,79,2023-01-09,,US,FALSE
C0580,299,2023-01-24,Mid-Market,AU,FALSE
C0581,49,2023-03-24,,UK,FALSE
C0582,299,2023-02-18,,DE,FALSE
C0583,149,2023-03-29,Mid-Market,AU,FALSE
C0584,699,2023-01-16,Mid-Market,CA,FALSE
C0585,79,2023-01-17,Mid-Market,US,FALSE
C0586,79,2023-02-08,,AU,FALSE
C0587,49,2023-02-24,,IN,FALSE
C0588,#N/A,2023-02-14,Mid-Market,UK,FALSE
C0589,49,2023-01-15,SMB,AU,FALSE
C0590,99,2023-01-03,Mid-Market,IN,FALSE
C0591,99,2023-03-18,SMB,DE,FALSE
C0592,699,2023-04-01,SMB,IN,FALSE
C0593,149,2023-02-21,,IN,FALSE
C0594,149,2023-01-08,Mid-Market,CA,FALSE
C0595,499,2023-01-30,Enterprise,CA,TRUE
C0596,299,2023-03-28,Enterprise,IN,TRUE
C0597,149,2023-01-19,Mid-Market,DE,FALSE
C0598,299,2023-01-08,Mid-Market,AU,FALSE
C0599,79,2023-03-13,,US,FALSE
C0600,299,2023-03-24,,CA,FALSE
C0601,699,2023-02-23,,IN,FALSE
C0602,79,2023-01-24,,IN,FALSE
C0603,299,2023-02-08,Mid-Market,DE,FALSE
C0604,#N/A,2023-03-13,,DE,FALSE
C0605,49,2023-01-18,,IN,FALSE
C0606,149,2023-02-12,SMB,DE,FALSE
C0607,149,2023-01-12,Mid-Market,US,FALSE
C0608,149,2023-03-28,SMB,US,FALSE
C0609,49,2023-03-17,Mid-Market,DE,FALSE
C0610,699,2023-02-12,Enterprise,US,TRUE
C0611,149,2023-01-25,SMB,AU,FALSE
C0612,699,2023-03-03,Mid-Market,AU,FALSE
C0613,699,2023-01-27,,IN,FALSE
C0614,49,2023-02-06,,DE,FALSE
C0615,299,2023-02-15,Enterprise,UK,TRUE
C0616,99,2023-03-05,,US,FALSE
C0617,499,2023-03-02,Enterprise,IN,TRUE
C0618,299,2023-02-22,SMB,CA,FALSE
C0619,49,2023-01-19,SMB,UK,FALSE
C0620,79,2023-03-16,,UK,FALSE
C0621,499,2023-02-12,Mid-Market,DE,FALSE
C0622,99,2023-02-01,,CA,FALSE
C0623,149,2023-03-29,Enterprise,UK,TRUE
C0624,149,2023-03-04,,DE,FALSE
C0625,149,2023-02-15,Mid-Market,IN,FALSE
C0626,49,2023-03-04,Mid-Market,CA,FALSE
C0627,79,2023-01-08,SMB,US,FALSE
C0628,49,2023-03-27,SMB,US,FALSE
C0629,299,2023-03-22,Mid-Market,US,FALSE
C0630,#N/A,2023-01-02,Mid-Market,CA,FALSE
C0631,299,2023-01-08,,AU,FALSE
C0632,499,2023-01-01,,US,FALSE
C0633,79,,Enterprise,CA,TRUE
C0634,99,2023-01-03,,IN,FALSE
C0635,499,2023-01-13,Mid-Market,IN,FALSE
C0636,79,2023-03-09,Enterprise,UK,TRUE
C0637,99,2023-02-20,SMB,UK,FALSE
C0638,149,2023-02-28,Mid-Market,AU,FALSE
C0639,#N/A,2023-03-29,SMB,AU,FALSE
C0640,99,2023-03-25,SMB,US,FALSE
C0641,499,2023-02-18,,US,FALSE
C0642,299,2023-03-31,Mid-Market,US,FALSE
C0643,79,2023-02-25,Enterprise,CA,TRUE
C0644,79,2023-01-13,SMB,IN,FALSE
C0645,49,2023-03-30,,UK,FALSE
C0646,149,,SMB,AU,FALSE
C0647,99,2023-03-11,SMB,IN,FALSE
C0648,699,2023-02-10,SMB,IN,FALSE
C0649,499,2023-02-20,SMB,UK,FALSE
C0650,49,2023-01-31,,AU,FALSE
C0651,149,2023-02-12,,AU,FALSE
C0652,49,2023-03-30,SMB,CA,FALSE
C0653,79,2023-02-14,SMB,US,FALSE
C0654,699,2023-01-10,Enterprise,CA,TRUE
C0655,299,2023-03-18,,UK,FALSE
C0656,49,,Enterprise,DE,TRUE
C0657,149,2023-02-15,,DE,FALSE
C0658,99,2023-03-16,,US,FALSE
C0659,149,2023-02-07,Mid-Market,AU,FALSE
C0660,99,2023-02-04,Mid-Market,DE,FALSE
C0661,149,2023-03-23,Mid-Market,AU,FALSE
C0662,149,2023-02-16,SMB,US,FALSE
C0663,#N/A,,Enterprise,DE,TRUE
C0664,699,2023-02-04,SMB,IN,FALSE
C0665,99,2023-02-25,,CA,FALSE
C0666,79,2023-02-22,SMB,US,FALSE
C0667,49,2023-03-12,SMB,CA,FALSE
C0668,299,2023-02-11,,US,FALSE
C0669,499,2023-02-19,SMB,AU,FALSE
C0670,99,2023-02-01,Mid-Market,AU,FALSE
C0671,499,2023-01-18,Enterprise,UK,TRUE
C0672,49,2023-01-19,SMB,IN,FALSE
C0673,699,2023-02-23,Enterprise,DE,TRUE
C0674,99,2023-02-16,Enterprise,IN,TRUE
C0675,79,2023-03-05,Mid-Market,DE,FALSE
C0676,49,2023-02-08,SMB,DE,FALSE
C0677,99,2023-03-21,,UK,FALSE
C0678,299,2023-02-25,Mid-Market,UK,FALSE
C0679,79,2023-03-30,Mid-Market,DE,FALSE
C0680,99,2023-02-20,Enterprise,UK,TRUE
C0681,99,2023-03-23,,CA,FALSE
C0682,699,2023-02-11,,UK,FALSE
C0683,299,2023-02-20,Enterprise,US,TRUE
C0684,299,2023-01-26,Mid-Market,AU,FALSE
C0685,499,2023-01-04,,AU,FALSE
C0686,49,2023-02-07,SMB,DE,FALSE
C0687,99,2023-01-18,Enterprise,IN,TRUE
C0688,299,2023-01-20,,DE,FALSE
C0689,#N/A,2023-03-18,,CA,FALSE
C0690,49,2023-03-06,,CA,FALSE
C0691,99,,Enterprise,AU,TRUE
C0692,149,2023-03-10,SMB,US,FALSE
C0693,699,2023-03-26,Enterprise,IN,TRUE
C0694,499,2023-01-06,,UK,FALSE
C0695,99,2023-02-25,SMB,US,FALSE
C0696,699,2023-01-29,Mid-Market,DE,FALSE
C0697,79,2023-03-01,Mid-Market,UK,FALSE
C0698,99,2023-03-03,SMB,UK,FALSE
C0699,699,2023-01-11,SMB,AU,FALSE
C0700,299,2023-02-09,Enterprise,DE,TRUE
C0701,99,2023-03-08,,UK,FALSE
C0702,49,2023-02-26,,UK,FALSE
C0703,#N/A,2023-01-06,SMB,US,FALSE
C0704,#N/A,2023-03-24,SMB,AU,FALSE
C0705,299,2023-02-01,Mid-Market,CA,FALSE
C0706,149,2023-03-13,,DE,FALSE
C0707,699,2023-02-21,Mid-Market,IN,FALSE
C0708,#N/A,2023-02-25,,US,FALSE
C0709,149,2023-01-26,,CA,FALSE
C0710,49,2023-01-01,Mid-Market,IN,FALSE
C0711,499,2023-04-01,SMB,CA,FALSE
C0712,#N/A,2023-03-10,Mid-Market,UK,FALSE
C0713,699,2023-02-28,SMB,UK,FALSE
C0714,99,2023-03-04,Enterprise,CA,TRUE
C0715,#N/A,2023-02-20,SMB,UK,FALSE
C0716,299,2023-02-28,Mid-Market,AU,FALSE
C0717,499,2023-02-08,SMB,AU,FALSE
C0718,99,2023-01-16,Mid-Market,UK,FALSE
C0719,149,2023-02-17,Mid-Market,CA,FALSE
C0720,699,2023-03-18,Mid-Market,CA,FALSE
C0721,99,2023-01-24,,AU,FALSE
C0722,299,2023-03-24,Mid-Market,CA,FALSE
C0723,149,2023-02-06,Mid-Market,IN,FALSE
C0724,49,2023-02-27,SMB,UK,FALSE
C0725,79,2023-03-04,Mid-Market,IN,FALSE
C0726,299,2023-03-13,,DE,FALSE
C0727,699,2023-02-23,,DE,FALSE
C0728,99,2023-03-14,SMB,IN,FALSE
C0729,699,2023-02-05,Mid-Market,CA,FALSE
C0730,99,2023-02-28,,CA,FALSE
C0731,499,2023-03-15,SMB,UK,FALSE
C0732,79,2023-02-16,SMB,AU,FALSE
C0733,49,2023-01-28,,US,FALSE
C0734,299,2023-03-25,Mid-Market,UK,FALSE
C0735,149,2023-01-05,,UK,FALSE
C0736,99,2023-01-12,,US,FALSE
C0737,79,2023-01-31,Mid-Market,AU,FALSE
C0738,299,2023-02-14,,IN,FALSE
C0739,149,2023-01-27,Mid-Market,US,FALSE
C0740,79,2023-03-10,Enterprise,CA,TRUE
C0741,499,2023-02-11,Enterprise,UK,TRUE
C0742,99,2023-03-07,SMB,IN,FALSE
C0743,299,2023-02-22,SMB,UK,FALSE
C0744,299,2023-01-17,Mid-Market,IN,FALSE
C0745,299,2023-02-11,Mid-Market,AU,FALSE
C0746,99,2023-01-19,Enterprise,AU,TRUE
C0747,299,2023-02-27,SMB,AU,FALSE
C0748,#N/A,2023-01-12,,CA,FALSE
C0749,699,2023-03-30,Enterprise,DE,TRUE
C0750,49,2023-02-11,SMB,AU,FALSE
C0751,49,2023-02-28,Enterprise,US,TRUE
C0752,49,2023-02-20,Mid-Market,DE,FALSE
C0753,49,2023-03-05,Enterprise,UK,TRUE
C0754,99,2023-02-13,Mid-Market,CA,FALSE
C0755,99,2023-02-13,SMB,US,FALSE
C0756,499,2023-02-28,SMB,US,FALSE
C0757,79,2023-01-21,,DE,FALSE
C0758,499,,,IN,FALSE
C0759,499,2023-01-17,Enterprise,IN,TRUE
C0760,79,2023-02-05,SMB,AU,FALSE
C0761,149,2023-01-11,Enterprise,AU,TRUE
C0762,699,2023-01-22,SMB,DE,FALSE
C0763,299,2023-03-31,Mid-Market,DE,FALSE
C0764,49,2023-04-01,SMB,US,FALSE
C0765,299,2023-01-10,Mid-Market,CA,FALSE
C0766,79,2023-03-29,,US,FALSE
C0767,79,,Enterprise,US,TRUE
C0768,49,2023-02-24,Mid-Market,DE,FALSE
C0769,49,2023-02-19,SMB,AU,FALSE
C0770,49,2023-01-14,Enterprise,UK,TRUE
C0771,499,2023-01-18,,IN,FALSE
C0772,699,2023-03-28,Mid-Market,US,FALSE
C0773,49,2023-01-02,Mid-Market,DE,FALSE
C0774,299,2023-01-28,Mid-Market,DE,FALSE
C0775,79,2023-02-26,Mid-Market,US,FALSE
C0776,99,2023-01-18,SMB,CA,FALSE
C0777,49,2023-02-14,,UK,FALSE
C0778,699,2023-02-01,Enterprise,AU,TRUE
C0779,#N/A,2023-03-12,Enterprise,AU,TRUE
C0780,49,,Enterprise,IN,TRUE
C0781,#N/A,2023-03-07,Mid-Market,AU,FALSE
C0782,49,2023-03-24,SMB,IN,FALSE
C0783,149,2023-01-15,Mid-Market,DE,FALSE
C0784,#N/A,2023-01-10,SMB,UK,FALSE
C0785,79,2023-01-17,,CA,FALSE
C0786,99,2023-03-11,Mid-Market,DE,FALSE
C0787,699,2023-01-10,SMB,CA,FALSE
C0788,#N/A,2023-02-03,Mid-Market,US,FALSE
C0789,49,2023-02-20,Enterprise,AU,TRUE
C0790,149,2023-02-23,,AU,FALSE
C0791,699,2023-03-23,Mid-Market,UK,FALSE
C0792,99,2023-01-11,Mid-Market,IN,FALSE
C0793,149,2023-02-20,SMB,UK,FALSE
C0794,499,2023-01-31,SMB,IN,FALSE
C0795,499,2023-02-25,SMB,DE,FALSE
C0796,499,2023-01-08,Enterprise,AU,TRUE
C0797,#N/A,2023-01-23,SMB,US,FALSE
C0798,499,2023-03-31,SMB,IN,FALSE
C0799,#N/A,2023-02-14,Enterprise,IN,TRUE
C0800,499,2023-02-04,SMB,US,FALSE
C0801,99,2023-02-24,Enterprise,CA,TRUE
C0802,299,2023-03-15,SMB,DE,FALSE
C0803,#N/A,2023-02-16,SMB,DE,FALSE
C0804,#N/A,2023-01-22,Enterprise,IN,TRUE
C0805,149,2023-01-14,SMB,IN,FALSE
C0806,49,2023-01-01,SMB,US,FALSE
C0807,79,2023-03-02,Enterprise,DE,TRUE
C0808,#N/A,2023-01-23,SMB,CA,FALSE
C0809,149,2023-03-25,,IN,FALSE
C0810,79,2023-02-23,Enterprise,UK,TRUE
C0811,149,2023-03-15,Enterprise,US,TRUE
C0812,699,2023-01-07,Mid-Market,IN,FALSE
C0813,79,2023-01-06,,US,FALSE
C0814,79,2023-02-06,Enterprise,UK,TRUE
C0815,49,2023-02-28,SMB,UK,FALSE
C0816,149,2023-03-14,Enterprise,AU,TRUE
C0817,299,2023-03-01,Enterprise,CA,TRUE
C0818,79,2023-01-26,Mid-Market,IN,FALSE
C0819,499,,,US,FALSE
C0820,299,2023-02-14,SMB,UK,FALSE
C0821,79,,,AU,FALSE
C0822,299,2023-01-14,Mid-Market,CA,FALSE
C0823,79,2023-02-23,,US,FALSE
C0824,99,2023-01-19,Enterprise,US,TRUE
C0825,699,,Mid-Market,CA,FALSE
C0826,99,2023-02-17,,AU,FALSE
C0827,149,2023-01-13,Mid-Market,AU,FALSE
C0828,79,2023-01-10,SMB,DE,FALSE
C0829,#N/A,2023-01-17,Mid-Market,UK,FALSE
C0830,49,2023-02-10,,AU,FALSE
C0831,79,2023-02-11,Enterprise,DE,TRUE
C0832,499,2023-01-10,Mid-Market,IN,FALSE
C0833,699,2023-03-16,SMB,IN,FALSE
C0834,99,2023-02-27,,UK,FALSE
C0835,699,2023-03-10,Enterprise,IN,TRUE
C0836,299,2023-03-01,Enterprise,US,TRUE
C0837,49,2023-03-29,Enterprise,AU,TRUE
C0838,49,2023-01-06,Mid-Market,UK,FALSE
C0839,#N/A,2023-02-01,Enterprise,DE,TRUE
C0840,49,2023-03-28,Enterprise,UK,TRUE
C0841,499,2023-01-23,SMB,DE,FALSE
C0842,49,2023-03-13,Mid-Market,US,FALSE
C0843,99,2023-01-18,SMB,US,FALSE
C0844,#N/A,2023-01-29,Mid-Market,IN,FALSE
C0845,#N/A,2023-02-17,SMB,CA,FALSE
C0846,699,2023-01-10,SMB,US,FALSE
C0847,499,2023-03-24,,IN,FALSE
C0848,#N/A,2023-02-12,SMB,US,FALSE
C0849,79,2023-01-07,Mid-Market,CA,FALSE
C0850,79,2023-02-20,,US,FALSE
C0851,699,2023-02-24,Mid-Market,UK,FALSE
C0852,149,2023-01-24,Enterprise,UK,TRUE
C0853,#N/A,2023-01-20,SMB,CA,FALSE
C0854,#N/A,2023-02-01,Enterprise,DE,TRUE
C0855,699,2023-03-12,,US,FALSE
C0856,149,2023-02-19,Mid-Market,DE,FALSE
C0857,699,2023-03-09,Mid-Market,AU,FALSE
C0858,49,2023-03-11,SMB,DE,FALSE
C0859,#N/A,2023-02-15,,CA,FALSE
C0860,79,2023-02-14,Enterprise,DE,TRUE
C0861,99,2023-01-04,Enterprise,CA,TRUE
C0862,79,2023-02-05,SMB,DE,FALSE
C0863,99,2023-03-16,Mid-Market,IN,FALSE
C0864,299,2023-03-26,Mid-Market,UK,FALSE
C0865,699,2023-01-08,Mid-Market,CA,FALSE
C0866,49,2023-02-19,Enterprise,IN,TRUE
C0867,699,2023-03-17,Enterprise,AU,TRUE
C0868,299,2023-03-17,SMB,AU,FALSE
C0869,99,2023-03-14,Mid-Market,CA,FALSE
C0870,#N/A,2023-03-05,Enterprise,IN,TRUE
C0871,299,2023-01-12,SMB,IN,FALSE
C0872,49,2023-01-03,,US,FALSE
C0873,149,2023-03-20,Mid-Market,IN,FALSE
C0874,499,2023-01-23,Enterprise,US,TRUE
C0875,299,,Mid-Market,US,FALSE
C0876,699,2023-02-16,SMB,UK,FALSE
C0877,49,2023-03-26,,CA,FALSE
C0878,79,2023-02-08,Enterprise,IN,TRUE
C0879,499,2023-02-25,,AU,FALSE
C0880,149,2023-04-01,Enterprise,IN,TRUE
C0881,499,2023-01-23,,UK,FALSE
C0882,699,2023-02-07,Mid-Market,IN,FALSE
C0883,699,2023-03-31,,CA,FALSE
C0884,499,,Enterprise,CA,TRUE
C0885,299,2023-03-14,SMB,DE,FALSE
C0886,#N/A,2023-01-10,Mid-Market,UK,FALSE
C0887,299,2023-01-22,SMB,AU,FALSE
C0888,#N/A,2023-02-12,,US,FALSE
C0889,#N/A,2023-02-01,SMB,UK,FALSE
C0890,299,2023-01-14,SMB,US,FALSE
C0891,499,2023-02-23,Mid-Market,DE,FALSE
C0892,499,2023-02-18,Enterprise,CA,TRUE
C0893,79,2023-03-03,Mid-Market,IN,FALSE
C0894,299,2023-01-05,Enterprise,US,TRUE
C0895,#N/A,2023-01-14,SMB,UK,FALSE
C0896,499,2023-02-18,Mid-Market,AU,FALSE
C0897,149,2023-01-12,Enterprise,CA,TRUE
C0898,99,2023-03-03,SMB,DE,FALSE
C0899,99,2023-01-22,,IN,FALSE
C0900,79,2023-02-12,Mid-Market,IN,FALSE
C0901,149,2023-03-12,Enterprise,AU,TRUE
C0902,99,2023-01-31,SMB,US,FALSE
C0903,299,2023-03-12,,IN,FALSE
C0904,49,2023-01-01,,US,FALSE
C0905,99,2023-03-26,,IN,FALSE
C0906,79,2023-01-27,Mid-Market,AU,FALSE
C0907,499,2023-01-11,,US,FALSE
C0908,#N/A,2023-02-20,,DE,FALSE
C0909,699,2023-02-03,SMB,AU,FALSE
C0910,49,2023-01-24,Enterprise,DE,TRUE
C0911,99,2023-02-27,SMB,UK,FALSE
C0912,149,2023-02-03,Mid-Market,UK,FALSE
C0913,699,2023-01-20,SMB,US,FALSE
C0914,699,2023-03-11,,CA,FALSE
C0915,299,2023-01-08,,CA,FALSE
C0916,499,2023-03-10,,CA,FALSE
C0917,79,2023-03-02,Enterprise,US,TRUE
C0918,699,2023-01-05,Mid-Market,US,FALSE
C0919,699,2023-02-27,Mid-Market,IN,FALSE
C0920,149,2023-01-25,Mid-Market,US,FALSE
C0921,#N/A,2023-03-29,,IN,FALSE
C0922,49,2023-03-22,Mid-Market,CA,FALSE
C0923,499,2023-01-09,SMB,DE,FALSE
C0924,149,2023-03-12,Enterprise,UK,TRUE
C0925,499,2023-01-02,,US,FALSE
C0926,#N/A,2023-01-19,SMB,US,FALSE
C0927,299,2023-01-13,Enterprise,CA,TRUE
C0928,299,2023-02-22,Enterprise,DE,TRUE
C0929,699,2023-03-15,,US,FALSE
C0930,49,2023-02-21,Mid-Market,CA,FALSE
C0931,299,2023-03-30,,US,FALSE
C0932,99,2023-02-12,Mid-Market,US,FALSE
C0933,299,2023-02-04,Enterprise,US,TRUE
C0934,299,2023-02-08,Enterprise,UK,TRUE
C0935,299,2023-03-31,SMB,IN,FALSE
C0936,149,2023-02-26,Enterprise,UK,TRUE
C0937,79,2023-03-19,SMB,IN,FALSE
C0938,#N/A,2023-02-22,,CA,FALSE
C0939,699,2023-01-08,Mid-Market,US,FALSE
C0940,699,2023-03-06,,IN,FALSE
C0941,79,2023-03-09,SMB,IN,FALSE
C0942,99,2023-01-26,SMB,IN,FALSE
C0943,49,,SMB,UK,FALSE
C0944,149,2023-02-05,Enterprise,DE,TRUE
C0945,299,2023-03-23,SMB,AU,FALSE
C0946,149,,Enterprise,DE,TRUE
C0947,149,2023-01-23,,CA,FALSE
C0948,149,2023-02-14,Mid-Market,UK,FALSE
C0949,149,2023-03-30,SMB,UK,FALSE
C0950,99,,SMB,IN,FALSE
C0951,299,2023-01-28,Mid-Market,AU,FALSE
C0952,99,2023-01-27,Enterprise,AU,TRUE
C0953,#N/A,2023-01-03,SMB,DE,FALSE
C0954,79,2023-03-24,Mid-Market,CA,FALSE
C0955,99,2023-01-29,Enterprise,CA,TRUE
C0956,149,2023-02-09,Enterprise,DE,TRUE
C0957,699,2023-02-14,,UK,FALSE
C0958,99,2023-02-08,,CA,FALSE
C0959,299,2023-03-07,Enterprise,CA,TRUE
C0960,79,2023-03-19,Enterprise,UK,TRUE
C0961,149,2023-03-03,SMB,UK,FALSE
C0962,#N/A,2023-03-23,Enterprise,UK,TRUE
C0963,149,2023-03-25,Enterprise,IN,TRUE
C0964,299,2023-01-31,SMB,CA,FALSE
C0965,49,2023-02-10,Mid-Market,AU,FALSE
C0966,699,,,UK,FALSE
C0967,299,2023-02-23,,DE,FALSE
C0968,99,2023-03-16,Mid-Market,UK,FALSE
C0969,699,2023-01-29,,AU,FALSE
C0970,149,2023-02-08,Mid-Market,AU,FALSE
C0971,79,2023-01-24,Enterprise,US,TRUE
C0972,49,2023-02-03,Mid-Market,AU,FALSE
C0973,79,2023-03-25,SMB,IN,FALSE
C0974,499,2023-02-09,,UK,FALSE
C0975,49,2023-03-16,Enterprise,DE,TRUE
C0976,149,2023-03-02,SMB,AU,FALSE
C0977,699,2023-03-21,SMB,DE,FALSE
C0978,699,2023-03-06,SMB,AU,FALSE
C0979,#N/A,2023-02-08,,US,FALSE
C0980,149,2023-01-20,Mid-Market,IN,FALSE
C0981,49,2023-03-14,,IN,FALSE
C0982,79,2023-01-24,SMB,DE,FALSE
C0983,149,2023-01-23,Enterprise,AU,TRUE
C0984,99,2023-02-27,Enterprise,IN,TRUE
C0985,299,2023-01-22,Mid-Market,DE,FALSE
C0986,#N/A,2023-01-12,Mid-Market,CA,FALSE
C0987,699,2023-02-24,,DE,FALSE
C0988,49,2023-02-19,SMB,US,FALSE
C0989,#N/A,2023-02-17,SMB,UK,FALSE
C0990,149,2023-03-09,Mid-Market,US,FALSE
C0991,299,2023-03-22,Mid-Market,IN,FALSE
C0992,99,2023-02-14,Enterprise,IN,TRUE
C0993,99,2023-03-06,Enterprise,IN,TRUE
C0994,99,2023-01-06,Enterprise,UK,TRUE
C0995,#N/A,2023-03-08,Enterprise,DE,TRUE
C0996,79,2023-01-18,Enterprise,DE,TRUE
C0997,299,2023-01-25,Mid-Market,DE,FALSE
C0998,#N/A,,Mid-Market,AU,FALSE
C0999,49,2023-01-28,SMB,CA,FALSE
C1000,499,2023-01-16,Enterprise,AU,TRUE
